/pylon2/cc560up/staheri/workspace/run-03/pinMain/traces/psc.pinMain.o1.mpicc.nas.bt.B.4.1/Hdbg.17.r147.13491.0, 2020.05
/pylon2/cc560up/staheri/workspace/run-03/pinMain/traces/psc.pinMain.o1.mpicc.nas.bt.B.4.1/Hdbg.17.r147.13494.0, 2193.62
/pylon2/cc560up/staheri/workspace/run-03/pinMain/traces/psc.pinMain.o1.mpicc.nas.bt.B.4.1/Hdbg.17.r159.10238.0, 2130.26
/pylon2/cc560up/staheri/workspace/run-03/pinMain/traces/psc.pinMain.o1.mpicc.nas.bt.B.4.1/Hdbg.17.r159.10241.0, 2158.57
/pylon2/cc560up/staheri/workspace/run-03/pinMain/traces/psc.pinMain.o1.mpicc.nas.bt.B.4.1/Hdbg.17.r661.6081.0, 2155.92
/pylon2/cc560up/staheri/workspace/run-03/pinMain/traces/psc.pinMain.o1.mpicc.nas.bt.B.4.1/Hdbg.17.r661.6086.0, 2431.66
/pylon2/cc560up/staheri/workspace/run-03/pinMain/traces/psc.pinMain.o1.mpicc.nas.bt.B.4.1/Hdbg.17.r663.9136.0, 2361.10
/pylon2/cc560up/staheri/workspace/run-03/pinMain/traces/psc.pinMain.o1.mpicc.nas.bt.B.4.1/Hdbg.17.r663.9138.0, 2129.01
/pylon2/cc560up/staheri/workspace/run-03/pinMain/traces/psc.pinMain.o1.mpicc.nas.bt.B.4.1/Hdbg.17.r663.9142.0, 2396.04
/pylon2/cc560up/staheri/workspace/run-03/pinMain/traces/psc.pinMain.o1.mpicc.nas.bt.B.4.1/Hdbg.17.r663.9144.0, 2193.62
/pylon2/cc560up/staheri/workspace/run-03/pinMain/traces/psc.pinMain.o1.mpicc.nas.bt.B.4.1/Hdbg.17.r663.9147.0, 2130.26
/pylon2/cc560up/staheri/workspace/run-03/pinMain/traces/psc.pinMain.o1.mpicc.nas.bt.B.4.1/Hdbg.17.r663.9148.0, 2155.92
/pylon2/cc560up/staheri/workspace/run-03/pinMain/traces/psc.pinMain.o1.mpicc.nas.bt.B.4.2/Hdbg.17.r147.13612.0, 2157.43
/pylon2/cc560up/staheri/workspace/run-03/pinMain/traces/psc.pinMain.o1.mpicc.nas.bt.B.4.2/Hdbg.17.r147.13619.0, 2193.62
/pylon2/cc560up/staheri/workspace/run-03/pinMain/traces/psc.pinMain.o1.mpicc.nas.bt.B.4.2/Hdbg.17.r147.13621.0, 2080.65
/pylon2/cc560up/staheri/workspace/run-03/pinMain/traces/psc.pinMain.o1.mpicc.nas.bt.B.4.2/Hdbg.17.r147.13625.0, 2129.01
/pylon2/cc560up/staheri/workspace/run-03/pinMain/traces/psc.pinMain.o1.mpicc.nas.bt.B.4.2/Hdbg.17.r147.13626.0, 2127.85
/pylon2/cc560up/staheri/workspace/run-03/pinMain/traces/psc.pinMain.o1.mpicc.nas.bt.B.4.2/Hdbg.17.r159.10341.0, 1988.48
/pylon2/cc560up/staheri/workspace/run-03/pinMain/traces/psc.pinMain.o1.mpicc.nas.bt.B.4.2/Hdbg.17.r663.9234.0, 2514.85
/pylon2/cc560up/staheri/workspace/run-03/pinMain/traces/psc.pinMain.o1.mpicc.nas.bt.B.4.2/Hdbg.17.r663.9235.0, 2361.10
/pylon2/cc560up/staheri/workspace/run-03/pinMain/traces/psc.pinMain.o1.mpicc.nas.bt.B.4.2/Hdbg.17.r663.9236.0, 2221.98
/pylon2/cc560up/staheri/workspace/run-03/pinMain/traces/psc.pinMain.o1.mpicc.nas.bt.B.4.2/Hdbg.17.r663.9242.0, 2327.51
/pylon2/cc560up/staheri/workspace/run-03/pinMain/traces/psc.pinMain.o1.mpicc.nas.bt.B.4.2/Hdbg.17.r663.9243.0, 2193.62
/pylon2/cc560up/staheri/workspace/run-03/pinMain/traces/psc.pinMain.o1.mpicc.nas.bt.B.4.2/Hdbg.17.r663.9246.0, 2130.26
/pylon2/cc560up/staheri/workspace/run-03/pinMain/traces/psc.pinMain.o1.mpicc.nas.bt.B.4.3/Hdbg.17.r147.13734.0, 2020.05
/pylon2/cc560up/staheri/workspace/run-03/pinMain/traces/psc.pinMain.o1.mpicc.nas.bt.B.4.3/Hdbg.17.r147.13735.0, 2156.32
/pylon2/cc560up/staheri/workspace/run-03/pinMain/traces/psc.pinMain.o1.mpicc.nas.bt.B.4.3/Hdbg.17.r147.13744.0, 2127.85
/pylon2/cc560up/staheri/workspace/run-03/pinMain/traces/psc.pinMain.o1.mpicc.nas.bt.B.4.3/Hdbg.17.r159.10828.0, 2052.66
/pylon2/cc560up/staheri/workspace/run-03/pinMain/traces/psc.pinMain.o1.mpicc.nas.bt.B.4.3/Hdbg.17.r159.10829.0, 2146.93
/pylon2/cc560up/staheri/workspace/run-03/pinMain/traces/psc.pinMain.o1.mpicc.nas.bt.B.4.3/Hdbg.17.r159.10835.0, 2193.19
/pylon2/cc560up/staheri/workspace/run-03/pinMain/traces/psc.pinMain.o1.mpicc.nas.bt.B.4.3/Hdbg.17.r159.10841.0, 2158.57
/pylon2/cc560up/staheri/workspace/run-03/pinMain/traces/psc.pinMain.o1.mpicc.nas.bt.B.4.3/Hdbg.17.r661.6254.0, 2316.14
/pylon2/cc560up/staheri/workspace/run-03/pinMain/traces/psc.pinMain.o1.mpicc.nas.bt.B.4.3/Hdbg.17.r661.6255.0, 2317.92
/pylon2/cc560up/staheri/workspace/run-03/pinMain/traces/psc.pinMain.o1.mpicc.nas.bt.B.4.3/Hdbg.17.r661.6264.0, 2254.07
/pylon2/cc560up/staheri/workspace/run-03/pinMain/traces/psc.pinMain.o1.mpicc.nas.bt.B.4.3/Hdbg.17.r663.9326.0, 2396.04
/pylon2/cc560up/staheri/workspace/run-03/pinMain/traces/psc.pinMain.o1.mpicc.nas.bt.B.4.3/Hdbg.17.r663.9327.0, 2327.51
/pylon2/cc560up/staheri/workspace/run-03/pinMain/traces/psc.pinMain.o1.mpicc.nas.cg.B.4.1/Hdbg.17.r150.464.0, 75.33
/pylon2/cc560up/staheri/workspace/run-03/pinMain/traces/psc.pinMain.o1.mpicc.nas.cg.B.4.1/Hdbg.17.r150.468.0, 75.33
/pylon2/cc560up/staheri/workspace/run-03/pinMain/traces/psc.pinMain.o1.mpicc.nas.cg.B.4.1/Hdbg.17.r150.469.0, 75.33
/pylon2/cc560up/staheri/workspace/run-03/pinMain/traces/psc.pinMain.o1.mpicc.nas.cg.B.4.1/Hdbg.17.r150.474.0, 75.33
/pylon2/cc560up/staheri/workspace/run-03/pinMain/traces/psc.pinMain.o1.mpicc.nas.cg.B.4.1/Hdbg.17.r402.31069.0, 75.33
/pylon2/cc560up/staheri/workspace/run-03/pinMain/traces/psc.pinMain.o1.mpicc.nas.cg.B.4.1/Hdbg.17.r402.31072.0, 75.33
/pylon2/cc560up/staheri/workspace/run-03/pinMain/traces/psc.pinMain.o1.mpicc.nas.cg.B.4.1/Hdbg.17.r402.31080.0, 75.33
/pylon2/cc560up/staheri/workspace/run-03/pinMain/traces/psc.pinMain.o1.mpicc.nas.cg.B.4.1/Hdbg.17.r590.5968.0, 75.33
/pylon2/cc560up/staheri/workspace/run-03/pinMain/traces/psc.pinMain.o1.mpicc.nas.cg.B.4.1/Hdbg.17.r590.5972.0, 75.33
/pylon2/cc560up/staheri/workspace/run-03/pinMain/traces/psc.pinMain.o1.mpicc.nas.cg.B.4.1/Hdbg.17.r590.5977.0, 75.33
/pylon2/cc560up/staheri/workspace/run-03/pinMain/traces/psc.pinMain.o1.mpicc.nas.cg.B.4.1/Hdbg.17.r688.23507.0, 75.33
/pylon2/cc560up/staheri/workspace/run-03/pinMain/traces/psc.pinMain.o1.mpicc.nas.cg.B.4.1/Hdbg.17.r688.23514.0, 75.33
/pylon2/cc560up/staheri/workspace/run-03/pinMain/traces/psc.pinMain.o1.mpicc.nas.cg.B.4.2/Hdbg.17.r150.637.0, 75.33
/pylon2/cc560up/staheri/workspace/run-03/pinMain/traces/psc.pinMain.o1.mpicc.nas.cg.B.4.2/Hdbg.17.r150.641.0, 75.33
/pylon2/cc560up/staheri/workspace/run-03/pinMain/traces/psc.pinMain.o1.mpicc.nas.cg.B.4.2/Hdbg.17.r150.643.0, 75.33
/pylon2/cc560up/staheri/workspace/run-03/pinMain/traces/psc.pinMain.o1.mpicc.nas.cg.B.4.2/Hdbg.17.r402.31168.0, 75.33
/pylon2/cc560up/staheri/workspace/run-03/pinMain/traces/psc.pinMain.o1.mpicc.nas.cg.B.4.2/Hdbg.17.r402.31170.0, 75.33
/pylon2/cc560up/staheri/workspace/run-03/pinMain/traces/psc.pinMain.o1.mpicc.nas.cg.B.4.2/Hdbg.17.r402.31174.0, 75.33
/pylon2/cc560up/staheri/workspace/run-03/pinMain/traces/psc.pinMain.o1.mpicc.nas.cg.B.4.2/Hdbg.17.r402.31178.0, 75.33
/pylon2/cc560up/staheri/workspace/run-03/pinMain/traces/psc.pinMain.o1.mpicc.nas.cg.B.4.2/Hdbg.17.r590.6070.0, 75.33
/pylon2/cc560up/staheri/workspace/run-03/pinMain/traces/psc.pinMain.o1.mpicc.nas.cg.B.4.2/Hdbg.17.r590.6071.0, 75.33
/pylon2/cc560up/staheri/workspace/run-03/pinMain/traces/psc.pinMain.o1.mpicc.nas.cg.B.4.2/Hdbg.17.r590.6083.0, 75.33
/pylon2/cc560up/staheri/workspace/run-03/pinMain/traces/psc.pinMain.o1.mpicc.nas.cg.B.4.2/Hdbg.17.r688.23603.0, 75.33
/pylon2/cc560up/staheri/workspace/run-03/pinMain/traces/psc.pinMain.o1.mpicc.nas.cg.B.4.2/Hdbg.17.r688.23608.0, 75.33
/pylon2/cc560up/staheri/workspace/run-03/pinMain/traces/psc.pinMain.o1.mpicc.nas.cg.B.4.3/Hdbg.17.r150.748.0, 75.30
/pylon2/cc560up/staheri/workspace/run-03/pinMain/traces/psc.pinMain.o1.mpicc.nas.cg.B.4.3/Hdbg.17.r150.750.0, 75.33
/pylon2/cc560up/staheri/workspace/run-03/pinMain/traces/psc.pinMain.o1.mpicc.nas.cg.B.4.3/Hdbg.17.r150.751.0, 75.33
/pylon2/cc560up/staheri/workspace/run-03/pinMain/traces/psc.pinMain.o1.mpicc.nas.cg.B.4.3/Hdbg.17.r150.756.0, 75.33
/pylon2/cc560up/staheri/workspace/run-03/pinMain/traces/psc.pinMain.o1.mpicc.nas.cg.B.4.3/Hdbg.17.r150.760.0, 75.33
/pylon2/cc560up/staheri/workspace/run-03/pinMain/traces/psc.pinMain.o1.mpicc.nas.cg.B.4.3/Hdbg.17.r402.31256.0, 75.33
/pylon2/cc560up/staheri/workspace/run-03/pinMain/traces/psc.pinMain.o1.mpicc.nas.cg.B.4.3/Hdbg.17.r402.31257.0, 75.33
/pylon2/cc560up/staheri/workspace/run-03/pinMain/traces/psc.pinMain.o1.mpicc.nas.cg.B.4.3/Hdbg.17.r402.31261.0, 75.33
/pylon2/cc560up/staheri/workspace/run-03/pinMain/traces/psc.pinMain.o1.mpicc.nas.cg.B.4.3/Hdbg.17.r402.31263.0, 75.33
/pylon2/cc560up/staheri/workspace/run-03/pinMain/traces/psc.pinMain.o1.mpicc.nas.cg.B.4.3/Hdbg.17.r590.6161.0, 75.33
/pylon2/cc560up/staheri/workspace/run-03/pinMain/traces/psc.pinMain.o1.mpicc.nas.cg.B.4.3/Hdbg.17.r590.6167.0, 75.33
/pylon2/cc560up/staheri/workspace/run-03/pinMain/traces/psc.pinMain.o1.mpicc.nas.cg.B.4.3/Hdbg.17.r688.23692.0, 75.33
/pylon2/cc560up/staheri/workspace/run-03/pinMain/traces/psc.pinMain.o1.mpicc.nas.ep.B.4.1/Hdbg.17.r151.25754.0, 11678.67
/pylon2/cc560up/staheri/workspace/run-03/pinMain/traces/psc.pinMain.o1.mpicc.nas.ep.B.4.1/Hdbg.17.r151.25757.0, 11921.79
/pylon2/cc560up/staheri/workspace/run-03/pinMain/traces/psc.pinMain.o1.mpicc.nas.ep.B.4.1/Hdbg.17.r151.25761.0, 11920.36
/pylon2/cc560up/staheri/workspace/run-03/pinMain/traces/psc.pinMain.o1.mpicc.nas.ep.B.4.1/Hdbg.17.r151.25763.0, 11922.37
/pylon2/cc560up/staheri/workspace/run-03/pinMain/traces/psc.pinMain.o1.mpicc.nas.ep.B.4.1/Hdbg.17.r158.6822.0, 11923.97
/pylon2/cc560up/staheri/workspace/run-03/pinMain/traces/psc.pinMain.o1.mpicc.nas.ep.B.4.1/Hdbg.17.r158.6824.0, 11922.20
/pylon2/cc560up/staheri/workspace/run-03/pinMain/traces/psc.pinMain.o1.mpicc.nas.ep.B.4.1/Hdbg.17.r171.832.0, 11922.58
/pylon2/cc560up/staheri/workspace/run-03/pinMain/traces/psc.pinMain.o1.mpicc.nas.ep.B.4.1/Hdbg.17.r171.838.0, 11920.63
/pylon2/cc560up/staheri/workspace/run-03/pinMain/traces/psc.pinMain.o1.mpicc.nas.ep.B.4.1/Hdbg.17.r659.11712.0, 11921.66
/pylon2/cc560up/staheri/workspace/run-03/pinMain/traces/psc.pinMain.o1.mpicc.nas.ep.B.4.1/Hdbg.17.r659.11715.0, 11920.60
/pylon2/cc560up/staheri/workspace/run-03/pinMain/traces/psc.pinMain.o1.mpicc.nas.ep.B.4.1/Hdbg.17.r659.11717.0, 11922.11
/pylon2/cc560up/staheri/workspace/run-03/pinMain/traces/psc.pinMain.o1.mpicc.nas.ep.B.4.1/Hdbg.17.r659.11720.0, 11922.91
/pylon2/cc560up/staheri/workspace/run-03/pinMain/traces/psc.pinMain.o1.mpicc.nas.ep.B.4.2/Hdbg.17.r151.25892.0, 11922.22
/pylon2/cc560up/staheri/workspace/run-03/pinMain/traces/psc.pinMain.o1.mpicc.nas.ep.B.4.2/Hdbg.17.r151.25895.0, 11916.78
/pylon2/cc560up/staheri/workspace/run-03/pinMain/traces/psc.pinMain.o1.mpicc.nas.ep.B.4.2/Hdbg.17.r158.6915.0, 11924.48
/pylon2/cc560up/staheri/workspace/run-03/pinMain/traces/psc.pinMain.o1.mpicc.nas.ep.B.4.2/Hdbg.17.r158.6924.0, 11924.32
/pylon2/cc560up/staheri/workspace/run-03/pinMain/traces/psc.pinMain.o1.mpicc.nas.ep.B.4.2/Hdbg.17.r171.928.0, 11920.51
/pylon2/cc560up/staheri/workspace/run-03/pinMain/traces/psc.pinMain.o1.mpicc.nas.ep.B.4.2/Hdbg.17.r171.935.0, 11922.07
/pylon2/cc560up/staheri/workspace/run-03/pinMain/traces/psc.pinMain.o1.mpicc.nas.ep.B.4.2/Hdbg.17.r171.939.0, 11923.23
/pylon2/cc560up/staheri/workspace/run-03/pinMain/traces/psc.pinMain.o1.mpicc.nas.ep.B.4.2/Hdbg.17.r659.11807.0, 11922.74
/pylon2/cc560up/staheri/workspace/run-03/pinMain/traces/psc.pinMain.o1.mpicc.nas.ep.B.4.2/Hdbg.17.r659.11809.0, 11924.17
/pylon2/cc560up/staheri/workspace/run-03/pinMain/traces/psc.pinMain.o1.mpicc.nas.ep.B.4.2/Hdbg.17.r659.11811.0, 11921.85
/pylon2/cc560up/staheri/workspace/run-03/pinMain/traces/psc.pinMain.o1.mpicc.nas.ep.B.4.2/Hdbg.17.r659.11816.0, 11920.27
/pylon2/cc560up/staheri/workspace/run-03/pinMain/traces/psc.pinMain.o1.mpicc.nas.ep.B.4.2/Hdbg.17.r659.11818.0, 11922.87
/pylon2/cc560up/staheri/workspace/run-03/pinMain/traces/psc.pinMain.o1.mpicc.nas.ep.B.4.3/Hdbg.17.r151.26009.0, 11920.46
/pylon2/cc560up/staheri/workspace/run-03/pinMain/traces/psc.pinMain.o1.mpicc.nas.ep.B.4.3/Hdbg.17.r151.26012.0, 11920.36
/pylon2/cc560up/staheri/workspace/run-03/pinMain/traces/psc.pinMain.o1.mpicc.nas.ep.B.4.3/Hdbg.17.r151.26014.0, 11922.37
/pylon2/cc560up/staheri/workspace/run-03/pinMain/traces/psc.pinMain.o1.mpicc.nas.ep.B.4.3/Hdbg.17.r158.6998.0, 11920.12
/pylon2/cc560up/staheri/workspace/run-03/pinMain/traces/psc.pinMain.o1.mpicc.nas.ep.B.4.3/Hdbg.17.r158.7001.0, 11922.07
/pylon2/cc560up/staheri/workspace/run-03/pinMain/traces/psc.pinMain.o1.mpicc.nas.ep.B.4.3/Hdbg.17.r158.7010.0, 11919.90
/pylon2/cc560up/staheri/workspace/run-03/pinMain/traces/psc.pinMain.o1.mpicc.nas.ep.B.4.3/Hdbg.17.r171.1027.0, 11920.77
/pylon2/cc560up/staheri/workspace/run-03/pinMain/traces/psc.pinMain.o1.mpicc.nas.ep.B.4.3/Hdbg.17.r171.1028.0, 11921.13
/pylon2/cc560up/staheri/workspace/run-03/pinMain/traces/psc.pinMain.o1.mpicc.nas.ep.B.4.3/Hdbg.17.r171.1034.0, 11920.44
/pylon2/cc560up/staheri/workspace/run-03/pinMain/traces/psc.pinMain.o1.mpicc.nas.ep.B.4.3/Hdbg.17.r171.1035.0, 11922.98
/pylon2/cc560up/staheri/workspace/run-03/pinMain/traces/psc.pinMain.o1.mpicc.nas.ep.B.4.3/Hdbg.17.r171.1040.0, 11923.23
/pylon2/cc560up/staheri/workspace/run-03/pinMain/traces/psc.pinMain.o1.mpicc.nas.ep.B.4.3/Hdbg.17.r659.11889.0, 11921.66
/pylon2/cc560up/staheri/workspace/run-03/pinMain/traces/psc.pinMain.o1.mpicc.nas.ft.B.4.1/Hdbg.17.r164.30062.0, 10745.37
/pylon2/cc560up/staheri/workspace/run-03/pinMain/traces/psc.pinMain.o1.mpicc.nas.ft.B.4.1/Hdbg.17.r431.16665.0, 10745.37
/pylon2/cc560up/staheri/workspace/run-03/pinMain/traces/psc.pinMain.o1.mpicc.nas.ft.B.4.1/Hdbg.17.r431.16666.0, 10745.38
/pylon2/cc560up/staheri/workspace/run-03/pinMain/traces/psc.pinMain.o1.mpicc.nas.ft.B.4.1/Hdbg.17.r431.16674.0, 10745.40
/pylon2/cc560up/staheri/workspace/run-03/pinMain/traces/psc.pinMain.o1.mpicc.nas.ft.B.4.1/Hdbg.17.r437.9176.0, 10745.42
/pylon2/cc560up/staheri/workspace/run-03/pinMain/traces/psc.pinMain.o1.mpicc.nas.ft.B.4.1/Hdbg.17.r437.9181.0, 10745.40
/pylon2/cc560up/staheri/workspace/run-03/pinMain/traces/psc.pinMain.o1.mpicc.nas.ft.B.4.1/Hdbg.17.r437.9182.0, 10745.42
/pylon2/cc560up/staheri/workspace/run-03/pinMain/traces/psc.pinMain.o1.mpicc.nas.ft.B.4.1/Hdbg.17.r437.9183.0, 10745.42
/pylon2/cc560up/staheri/workspace/run-03/pinMain/traces/psc.pinMain.o1.mpicc.nas.ft.B.4.1/Hdbg.17.r437.9187.0, 10745.44
/pylon2/cc560up/staheri/workspace/run-03/pinMain/traces/psc.pinMain.o1.mpicc.nas.ft.B.4.1/Hdbg.17.r437.9189.0, 10745.45
/pylon2/cc560up/staheri/workspace/run-03/pinMain/traces/psc.pinMain.o1.mpicc.nas.ft.B.4.1/Hdbg.17.r447.26246.0, 10745.42
/pylon2/cc560up/staheri/workspace/run-03/pinMain/traces/psc.pinMain.o1.mpicc.nas.ft.B.4.1/Hdbg.17.r447.26259.0, 10745.47
/pylon2/cc560up/staheri/workspace/run-03/pinMain/traces/psc.pinMain.o1.mpicc.nas.ft.B.4.2/Hdbg.17.r164.30179.0, 10745.33
/pylon2/cc560up/staheri/workspace/run-03/pinMain/traces/psc.pinMain.o1.mpicc.nas.ft.B.4.2/Hdbg.17.r164.30181.0, 10745.35
/pylon2/cc560up/staheri/workspace/run-03/pinMain/traces/psc.pinMain.o1.mpicc.nas.ft.B.4.2/Hdbg.17.r164.30187.0, 10745.37
/pylon2/cc560up/staheri/workspace/run-03/pinMain/traces/psc.pinMain.o1.mpicc.nas.ft.B.4.2/Hdbg.17.r431.16755.0, 10745.40
/pylon2/cc560up/staheri/workspace/run-03/pinMain/traces/psc.pinMain.o1.mpicc.nas.ft.B.4.2/Hdbg.17.r431.16763.0, 10745.42
/pylon2/cc560up/staheri/workspace/run-03/pinMain/traces/psc.pinMain.o1.mpicc.nas.ft.B.4.2/Hdbg.17.r431.16766.0, 10745.42
/pylon2/cc560up/staheri/workspace/run-03/pinMain/traces/psc.pinMain.o1.mpicc.nas.ft.B.4.2/Hdbg.17.r437.9275.0, 10745.42
/pylon2/cc560up/staheri/workspace/run-03/pinMain/traces/psc.pinMain.o1.mpicc.nas.ft.B.4.2/Hdbg.17.r437.9285.0, 10745.45
/pylon2/cc560up/staheri/workspace/run-03/pinMain/traces/psc.pinMain.o1.mpicc.nas.ft.B.4.2/Hdbg.17.r447.26334.0, 10745.40
/pylon2/cc560up/staheri/workspace/run-03/pinMain/traces/psc.pinMain.o1.mpicc.nas.ft.B.4.2/Hdbg.17.r447.26335.0, 10745.42
/pylon2/cc560up/staheri/workspace/run-03/pinMain/traces/psc.pinMain.o1.mpicc.nas.ft.B.4.2/Hdbg.17.r447.26336.0, 10745.42
/pylon2/cc560up/staheri/workspace/run-03/pinMain/traces/psc.pinMain.o1.mpicc.nas.ft.B.4.2/Hdbg.17.r447.26349.0, 10745.47
/pylon2/cc560up/staheri/workspace/run-03/pinMain/traces/psc.pinMain.o1.mpicc.nas.ft.B.4.3/Hdbg.17.r164.30302.0, 10745.33
/pylon2/cc560up/staheri/workspace/run-03/pinMain/traces/psc.pinMain.o1.mpicc.nas.ft.B.4.3/Hdbg.17.r164.30311.0, 10745.38
/pylon2/cc560up/staheri/workspace/run-03/pinMain/traces/psc.pinMain.o1.mpicc.nas.ft.B.4.3/Hdbg.17.r431.16840.0, 10745.38
/pylon2/cc560up/staheri/workspace/run-03/pinMain/traces/psc.pinMain.o1.mpicc.nas.ft.B.4.3/Hdbg.17.r431.16845.0, 10745.40
/pylon2/cc560up/staheri/workspace/run-03/pinMain/traces/psc.pinMain.o1.mpicc.nas.ft.B.4.3/Hdbg.17.r431.16846.0, 10745.42
/pylon2/cc560up/staheri/workspace/run-03/pinMain/traces/psc.pinMain.o1.mpicc.nas.ft.B.4.3/Hdbg.17.r431.16854.0, 10745.44
/pylon2/cc560up/staheri/workspace/run-03/pinMain/traces/psc.pinMain.o1.mpicc.nas.ft.B.4.3/Hdbg.17.r437.9355.0, 10745.38
/pylon2/cc560up/staheri/workspace/run-03/pinMain/traces/psc.pinMain.o1.mpicc.nas.ft.B.4.3/Hdbg.17.r437.9359.0, 10745.40
/pylon2/cc560up/staheri/workspace/run-03/pinMain/traces/psc.pinMain.o1.mpicc.nas.ft.B.4.3/Hdbg.17.r437.9363.0, 10745.40
/pylon2/cc560up/staheri/workspace/run-03/pinMain/traces/psc.pinMain.o1.mpicc.nas.ft.B.4.3/Hdbg.17.r437.9366.0, 10745.44
/pylon2/cc560up/staheri/workspace/run-03/pinMain/traces/psc.pinMain.o1.mpicc.nas.ft.B.4.3/Hdbg.17.r447.26431.0, 10745.44
/pylon2/cc560up/staheri/workspace/run-03/pinMain/traces/psc.pinMain.o1.mpicc.nas.ft.B.4.3/Hdbg.17.r447.26436.0, 10745.45
/pylon2/cc560up/staheri/workspace/run-03/pinMain/traces/psc.pinMain.o1.mpicc.nas.is.B.4.1/Hdbg.17.r209.22074.0, 25812.52
/pylon2/cc560up/staheri/workspace/run-03/pinMain/traces/psc.pinMain.o1.mpicc.nas.is.B.4.1/Hdbg.17.r209.22076.0, 25812.54
/pylon2/cc560up/staheri/workspace/run-03/pinMain/traces/psc.pinMain.o1.mpicc.nas.is.B.4.1/Hdbg.17.r209.22079.0, 25812.54
/pylon2/cc560up/staheri/workspace/run-03/pinMain/traces/psc.pinMain.o1.mpicc.nas.is.B.4.1/Hdbg.17.r209.22086.0, 25812.56
/pylon2/cc560up/staheri/workspace/run-03/pinMain/traces/psc.pinMain.o1.mpicc.nas.is.B.4.1/Hdbg.17.r549.15604.0, 25812.56
/pylon2/cc560up/staheri/workspace/run-03/pinMain/traces/psc.pinMain.o1.mpicc.nas.is.B.4.1/Hdbg.17.r549.15611.0, 25812.57
/pylon2/cc560up/staheri/workspace/run-03/pinMain/traces/psc.pinMain.o1.mpicc.nas.is.B.4.1/Hdbg.17.r549.15612.0, 25812.57
/pylon2/cc560up/staheri/workspace/run-03/pinMain/traces/psc.pinMain.o1.mpicc.nas.is.B.4.1/Hdbg.17.r549.15614.0, 25812.57
/pylon2/cc560up/staheri/workspace/run-03/pinMain/traces/psc.pinMain.o1.mpicc.nas.is.B.4.1/Hdbg.17.r575.23566.0, 25812.57
/pylon2/cc560up/staheri/workspace/run-03/pinMain/traces/psc.pinMain.o1.mpicc.nas.is.B.4.1/Hdbg.17.r575.23572.0, 25812.57
/pylon2/cc560up/staheri/workspace/run-03/pinMain/traces/psc.pinMain.o1.mpicc.nas.is.B.4.1/Hdbg.17.r591.6822.0, 25812.61
/pylon2/cc560up/staheri/workspace/run-03/pinMain/traces/psc.pinMain.o1.mpicc.nas.is.B.4.1/Hdbg.17.r591.6823.0, 25812.58
/pylon2/cc560up/staheri/workspace/run-03/pinMain/traces/psc.pinMain.o1.mpicc.nas.is.B.4.2/Hdbg.17.r209.22211.0, 23631.60
/pylon2/cc560up/staheri/workspace/run-03/pinMain/traces/psc.pinMain.o1.mpicc.nas.is.B.4.2/Hdbg.17.r209.22223.0, 25812.55
/pylon2/cc560up/staheri/workspace/run-03/pinMain/traces/psc.pinMain.o1.mpicc.nas.is.B.4.2/Hdbg.17.r209.22225.0, 25812.56
/pylon2/cc560up/staheri/workspace/run-03/pinMain/traces/psc.pinMain.o1.mpicc.nas.is.B.4.2/Hdbg.17.r549.15923.0, 25812.56
/pylon2/cc560up/staheri/workspace/run-03/pinMain/traces/psc.pinMain.o1.mpicc.nas.is.B.4.2/Hdbg.17.r549.15925.0, 25812.57
/pylon2/cc560up/staheri/workspace/run-03/pinMain/traces/psc.pinMain.o1.mpicc.nas.is.B.4.2/Hdbg.17.r549.15930.0, 25812.56
/pylon2/cc560up/staheri/workspace/run-03/pinMain/traces/psc.pinMain.o1.mpicc.nas.is.B.4.2/Hdbg.17.r575.23655.0, 25812.56
/pylon2/cc560up/staheri/workspace/run-03/pinMain/traces/psc.pinMain.o1.mpicc.nas.is.B.4.2/Hdbg.17.r575.23668.0, 25812.60
/pylon2/cc560up/staheri/workspace/run-03/pinMain/traces/psc.pinMain.o1.mpicc.nas.is.B.4.2/Hdbg.17.r591.6911.0, 25812.58
/pylon2/cc560up/staheri/workspace/run-03/pinMain/traces/psc.pinMain.o1.mpicc.nas.is.B.4.2/Hdbg.17.r591.6912.0, 25812.60
/pylon2/cc560up/staheri/workspace/run-03/pinMain/traces/psc.pinMain.o1.mpicc.nas.is.B.4.2/Hdbg.17.r591.6916.0, 25812.61
/pylon2/cc560up/staheri/workspace/run-03/pinMain/traces/psc.pinMain.o1.mpicc.nas.is.B.4.2/Hdbg.17.r591.6922.0, 25812.61
/pylon2/cc560up/staheri/workspace/run-03/pinMain/traces/psc.pinMain.o1.mpicc.nas.is.B.4.3/Hdbg.17.r209.22332.0, 25812.52
/pylon2/cc560up/staheri/workspace/run-03/pinMain/traces/psc.pinMain.o1.mpicc.nas.is.B.4.3/Hdbg.17.r209.22333.0, 25812.52
/pylon2/cc560up/staheri/workspace/run-03/pinMain/traces/psc.pinMain.o1.mpicc.nas.is.B.4.3/Hdbg.17.r209.22338.0, 25812.55
/pylon2/cc560up/staheri/workspace/run-03/pinMain/traces/psc.pinMain.o1.mpicc.nas.is.B.4.3/Hdbg.17.r209.22339.0, 25812.55
/pylon2/cc560up/staheri/workspace/run-03/pinMain/traces/psc.pinMain.o1.mpicc.nas.is.B.4.3/Hdbg.17.r209.22342.0, 25812.56
/pylon2/cc560up/staheri/workspace/run-03/pinMain/traces/psc.pinMain.o1.mpicc.nas.is.B.4.3/Hdbg.17.r549.16208.0, 25812.56
/pylon2/cc560up/staheri/workspace/run-03/pinMain/traces/psc.pinMain.o1.mpicc.nas.is.B.4.3/Hdbg.17.r549.16214.0, 25812.56
/pylon2/cc560up/staheri/workspace/run-03/pinMain/traces/psc.pinMain.o1.mpicc.nas.is.B.4.3/Hdbg.17.r575.23743.0, 25812.57
/pylon2/cc560up/staheri/workspace/run-03/pinMain/traces/psc.pinMain.o1.mpicc.nas.is.B.4.3/Hdbg.17.r575.23750.0, 25812.60
/pylon2/cc560up/staheri/workspace/run-03/pinMain/traces/psc.pinMain.o1.mpicc.nas.is.B.4.3/Hdbg.17.r575.23754.0, 25812.61
/pylon2/cc560up/staheri/workspace/run-03/pinMain/traces/psc.pinMain.o1.mpicc.nas.is.B.4.3/Hdbg.17.r591.6993.0, 25812.57
/pylon2/cc560up/staheri/workspace/run-03/pinMain/traces/psc.pinMain.o1.mpicc.nas.is.B.4.3/Hdbg.17.r591.7002.0, 25812.60
/pylon2/cc560up/staheri/workspace/run-03/pinMain/traces/psc.pinMain.o1.mpicc.nas.lu.B.4.1/Hdbg.17.r031.25093.0, 5194.27
/pylon2/cc560up/staheri/workspace/run-03/pinMain/traces/psc.pinMain.o1.mpicc.nas.lu.B.4.1/Hdbg.17.r032.12689.0, 5194.27
/pylon2/cc560up/staheri/workspace/run-03/pinMain/traces/psc.pinMain.o1.mpicc.nas.lu.B.4.1/Hdbg.17.r032.12692.0, 5194.27
/pylon2/cc560up/staheri/workspace/run-03/pinMain/traces/psc.pinMain.o1.mpicc.nas.lu.B.4.1/Hdbg.17.r032.12699.0, 5194.27
/pylon2/cc560up/staheri/workspace/run-03/pinMain/traces/psc.pinMain.o1.mpicc.nas.lu.B.4.1/Hdbg.17.r444.29050.0, 4741.67
/pylon2/cc560up/staheri/workspace/run-03/pinMain/traces/psc.pinMain.o1.mpicc.nas.lu.B.4.1/Hdbg.17.r444.29051.0, 5194.27
/pylon2/cc560up/staheri/workspace/run-03/pinMain/traces/psc.pinMain.o1.mpicc.nas.lu.B.4.1/Hdbg.17.r444.29053.0, 5194.27
/pylon2/cc560up/staheri/workspace/run-03/pinMain/traces/psc.pinMain.o1.mpicc.nas.lu.B.4.1/Hdbg.17.r444.29058.0, 4741.67
/pylon2/cc560up/staheri/workspace/run-03/pinMain/traces/psc.pinMain.o1.mpicc.nas.lu.B.4.1/Hdbg.17.r445.29753.0, 5128.06
/pylon2/cc560up/staheri/workspace/run-03/pinMain/traces/psc.pinMain.o1.mpicc.nas.lu.B.4.1/Hdbg.17.r445.29756.0, 5128.06
/pylon2/cc560up/staheri/workspace/run-03/pinMain/traces/psc.pinMain.o1.mpicc.nas.lu.B.4.1/Hdbg.17.r445.29759.0, 4552.24
/pylon2/cc560up/staheri/workspace/run-03/pinMain/traces/psc.pinMain.o1.mpicc.nas.lu.B.4.1/Hdbg.17.r445.29761.0, 4647.43
/pylon2/cc560up/staheri/workspace/run-03/pinMain/traces/psc.pinMain.o1.mpicc.nas.lu.B.4.2/Hdbg.17.r031.25228.0, 4721.71
/pylon2/cc560up/staheri/workspace/run-03/pinMain/traces/psc.pinMain.o1.mpicc.nas.lu.B.4.2/Hdbg.17.r031.25233.0, 5194.27
/pylon2/cc560up/staheri/workspace/run-03/pinMain/traces/psc.pinMain.o1.mpicc.nas.lu.B.4.2/Hdbg.17.r031.25238.0, 5128.06
/pylon2/cc560up/staheri/workspace/run-03/pinMain/traces/psc.pinMain.o1.mpicc.nas.lu.B.4.2/Hdbg.17.r032.12789.0, 5194.27
/pylon2/cc560up/staheri/workspace/run-03/pinMain/traces/psc.pinMain.o1.mpicc.nas.lu.B.4.2/Hdbg.17.r032.12793.0, 5194.27
/pylon2/cc560up/staheri/workspace/run-03/pinMain/traces/psc.pinMain.o1.mpicc.nas.lu.B.4.2/Hdbg.17.r032.12799.0, 5194.27
/pylon2/cc560up/staheri/workspace/run-03/pinMain/traces/psc.pinMain.o1.mpicc.nas.lu.B.4.2/Hdbg.17.r444.29462.0, 5194.27
/pylon2/cc560up/staheri/workspace/run-03/pinMain/traces/psc.pinMain.o1.mpicc.nas.lu.B.4.2/Hdbg.17.r445.29845.0, 5128.06
/pylon2/cc560up/staheri/workspace/run-03/pinMain/traces/psc.pinMain.o1.mpicc.nas.lu.B.4.2/Hdbg.17.r445.29848.0, 5128.06
/pylon2/cc560up/staheri/workspace/run-03/pinMain/traces/psc.pinMain.o1.mpicc.nas.lu.B.4.2/Hdbg.17.r445.29851.0, 4537.13
/pylon2/cc560up/staheri/workspace/run-03/pinMain/traces/psc.pinMain.o1.mpicc.nas.lu.B.4.2/Hdbg.17.r445.29852.0, 4647.43
/pylon2/cc560up/staheri/workspace/run-03/pinMain/traces/psc.pinMain.o1.mpicc.nas.lu.B.4.2/Hdbg.17.r445.29856.0, 4647.43
/pylon2/cc560up/staheri/workspace/run-03/pinMain/traces/psc.pinMain.o1.mpicc.nas.lu.B.4.3/Hdbg.17.r031.25349.0, 5194.27
/pylon2/cc560up/staheri/workspace/run-03/pinMain/traces/psc.pinMain.o1.mpicc.nas.lu.B.4.3/Hdbg.17.r032.12874.0, 5194.27
/pylon2/cc560up/staheri/workspace/run-03/pinMain/traces/psc.pinMain.o1.mpicc.nas.lu.B.4.3/Hdbg.17.r032.12875.0, 5194.27
/pylon2/cc560up/staheri/workspace/run-03/pinMain/traces/psc.pinMain.o1.mpicc.nas.lu.B.4.3/Hdbg.17.r032.12880.0, 4741.67
/pylon2/cc560up/staheri/workspace/run-03/pinMain/traces/psc.pinMain.o1.mpicc.nas.lu.B.4.3/Hdbg.17.r032.12884.0, 5194.27
/pylon2/cc560up/staheri/workspace/run-03/pinMain/traces/psc.pinMain.o1.mpicc.nas.lu.B.4.3/Hdbg.17.r444.29537.0, 4741.67
/pylon2/cc560up/staheri/workspace/run-03/pinMain/traces/psc.pinMain.o1.mpicc.nas.lu.B.4.3/Hdbg.17.r444.29547.0, 5194.27
/pylon2/cc560up/staheri/workspace/run-03/pinMain/traces/psc.pinMain.o1.mpicc.nas.lu.B.4.3/Hdbg.17.r445.29931.0, 5128.06
/pylon2/cc560up/staheri/workspace/run-03/pinMain/traces/psc.pinMain.o1.mpicc.nas.lu.B.4.3/Hdbg.17.r445.29932.0, 5128.06
/pylon2/cc560up/staheri/workspace/run-03/pinMain/traces/psc.pinMain.o1.mpicc.nas.lu.B.4.3/Hdbg.17.r445.29933.0, 5128.06
/pylon2/cc560up/staheri/workspace/run-03/pinMain/traces/psc.pinMain.o1.mpicc.nas.lu.B.4.3/Hdbg.17.r445.29936.0, 4537.13
/pylon2/cc560up/staheri/workspace/run-03/pinMain/traces/psc.pinMain.o1.mpicc.nas.lu.B.4.3/Hdbg.17.r445.29940.0, 4647.43
/pylon2/cc560up/staheri/workspace/run-03/pinMain/traces/psc.pinMain.o1.mpicc.nas.mg.B.4.1/Hdbg.17.r041.17098.0, 364.35
/pylon2/cc560up/staheri/workspace/run-03/pinMain/traces/psc.pinMain.o1.mpicc.nas.mg.B.4.1/Hdbg.17.r076.23651.0, 355.87
/pylon2/cc560up/staheri/workspace/run-03/pinMain/traces/psc.pinMain.o1.mpicc.nas.mg.B.4.1/Hdbg.17.r076.23653.0, 356.06
/pylon2/cc560up/staheri/workspace/run-03/pinMain/traces/psc.pinMain.o1.mpicc.nas.mg.B.4.1/Hdbg.17.r076.23657.0, 364.72
/pylon2/cc560up/staheri/workspace/run-03/pinMain/traces/psc.pinMain.o1.mpicc.nas.mg.B.4.1/Hdbg.17.r076.23658.0, 397.67
/pylon2/cc560up/staheri/workspace/run-03/pinMain/traces/psc.pinMain.o1.mpicc.nas.mg.B.4.1/Hdbg.17.r076.23659.0, 356.06
/pylon2/cc560up/staheri/workspace/run-03/pinMain/traces/psc.pinMain.o1.mpicc.nas.mg.B.4.1/Hdbg.17.r076.23666.0, 397.54
/pylon2/cc560up/staheri/workspace/run-03/pinMain/traces/psc.pinMain.o1.mpicc.nas.mg.B.4.1/Hdbg.17.r183.26465.0, 355.99
/pylon2/cc560up/staheri/workspace/run-03/pinMain/traces/psc.pinMain.o1.mpicc.nas.mg.B.4.1/Hdbg.17.r183.26469.0, 364.58
/pylon2/cc560up/staheri/workspace/run-03/pinMain/traces/psc.pinMain.o1.mpicc.nas.mg.B.4.1/Hdbg.17.r183.26471.0, 356.10
/pylon2/cc560up/staheri/workspace/run-03/pinMain/traces/psc.pinMain.o1.mpicc.nas.mg.B.4.1/Hdbg.17.r183.26473.0, 355.99
/pylon2/cc560up/staheri/workspace/run-03/pinMain/traces/psc.pinMain.o1.mpicc.nas.mg.B.4.1/Hdbg.17.r236.12047.0, 364.60
/pylon2/cc560up/staheri/workspace/run-03/pinMain/traces/psc.pinMain.o1.mpicc.nas.mg.B.4.2/Hdbg.17.r041.17220.0, 358.31
/pylon2/cc560up/staheri/workspace/run-03/pinMain/traces/psc.pinMain.o1.mpicc.nas.mg.B.4.2/Hdbg.17.r041.17223.0, 358.60
/pylon2/cc560up/staheri/workspace/run-03/pinMain/traces/psc.pinMain.o1.mpicc.nas.mg.B.4.2/Hdbg.17.r041.17229.0, 364.35
/pylon2/cc560up/staheri/workspace/run-03/pinMain/traces/psc.pinMain.o1.mpicc.nas.mg.B.4.2/Hdbg.17.r183.26550.0, 355.99
/pylon2/cc560up/staheri/workspace/run-03/pinMain/traces/psc.pinMain.o1.mpicc.nas.mg.B.4.2/Hdbg.17.r183.26559.0, 356.04
/pylon2/cc560up/staheri/workspace/run-03/pinMain/traces/psc.pinMain.o1.mpicc.nas.mg.B.4.2/Hdbg.17.r236.12148.0, 359.94
/pylon2/cc560up/staheri/workspace/run-03/pinMain/traces/psc.pinMain.o1.mpicc.nas.mg.B.4.2/Hdbg.17.r236.12150.0, 359.94
/pylon2/cc560up/staheri/workspace/run-03/pinMain/traces/psc.pinMain.o1.mpicc.nas.mg.B.4.2/Hdbg.17.r236.12151.0, 364.60
/pylon2/cc560up/staheri/workspace/run-03/pinMain/traces/psc.pinMain.o1.mpicc.nas.mg.B.4.2/Hdbg.17.r236.12155.0, 356.64
/pylon2/cc560up/staheri/workspace/run-03/pinMain/traces/psc.pinMain.o1.mpicc.nas.mg.B.4.2/Hdbg.17.r236.12157.0, 356.60
/pylon2/cc560up/staheri/workspace/run-03/pinMain/traces/psc.pinMain.o1.mpicc.nas.mg.B.4.2/Hdbg.17.r236.12158.0, 359.80
/pylon2/cc560up/staheri/workspace/run-03/pinMain/traces/psc.pinMain.o1.mpicc.nas.mg.B.4.2/Hdbg.17.r236.12161.0, 364.81
/pylon2/cc560up/staheri/workspace/run-03/pinMain/traces/psc.pinMain.o1.mpicc.nas.mg.B.4.3/Hdbg.17.r041.17338.0, 355.84
/pylon2/cc560up/staheri/workspace/run-03/pinMain/traces/psc.pinMain.o1.mpicc.nas.mg.B.4.3/Hdbg.17.r041.17339.0, 358.52
/pylon2/cc560up/staheri/workspace/run-03/pinMain/traces/psc.pinMain.o1.mpicc.nas.mg.B.4.3/Hdbg.17.r041.17344.0, 355.78
/pylon2/cc560up/staheri/workspace/run-03/pinMain/traces/psc.pinMain.o1.mpicc.nas.mg.B.4.3/Hdbg.17.r041.17345.0, 358.60
/pylon2/cc560up/staheri/workspace/run-03/pinMain/traces/psc.pinMain.o1.mpicc.nas.mg.B.4.3/Hdbg.17.r041.17347.0, 355.99
/pylon2/cc560up/staheri/workspace/run-03/pinMain/traces/psc.pinMain.o1.mpicc.nas.mg.B.4.3/Hdbg.17.r076.23832.0, 359.72
/pylon2/cc560up/staheri/workspace/run-03/pinMain/traces/psc.pinMain.o1.mpicc.nas.mg.B.4.3/Hdbg.17.r076.23836.0, 397.67
/pylon2/cc560up/staheri/workspace/run-03/pinMain/traces/psc.pinMain.o1.mpicc.nas.mg.B.4.3/Hdbg.17.r076.23844.0, 397.54
/pylon2/cc560up/staheri/workspace/run-03/pinMain/traces/psc.pinMain.o1.mpicc.nas.mg.B.4.3/Hdbg.17.r183.26636.0, 356.30
/pylon2/cc560up/staheri/workspace/run-03/pinMain/traces/psc.pinMain.o1.mpicc.nas.mg.B.4.3/Hdbg.17.r183.26640.0, 353.19
/pylon2/cc560up/staheri/workspace/run-03/pinMain/traces/psc.pinMain.o1.mpicc.nas.mg.B.4.3/Hdbg.17.r236.12238.0, 364.60
/pylon2/cc560up/staheri/workspace/run-03/pinMain/traces/psc.pinMain.o1.mpicc.nas.mg.B.4.3/Hdbg.17.r236.12246.0, 364.81
/pylon2/cc560up/staheri/workspace/run-03/pinMain/traces/psc.pinMain.o1.mpicc.nas.sp.B.4.1/Hdbg.17.r029.16410.0, 4042.27
/pylon2/cc560up/staheri/workspace/run-03/pinMain/traces/psc.pinMain.o1.mpicc.nas.sp.B.4.1/Hdbg.17.r029.16413.0, 4040.53
/pylon2/cc560up/staheri/workspace/run-03/pinMain/traces/psc.pinMain.o1.mpicc.nas.sp.B.4.1/Hdbg.17.r029.16416.0, 4042.15
/pylon2/cc560up/staheri/workspace/run-03/pinMain/traces/psc.pinMain.o1.mpicc.nas.sp.B.4.1/Hdbg.17.r029.16417.0, 4041.21
/pylon2/cc560up/staheri/workspace/run-03/pinMain/traces/psc.pinMain.o1.mpicc.nas.sp.B.4.1/Hdbg.17.r029.16419.0, 4041.31
/pylon2/cc560up/staheri/workspace/run-03/pinMain/traces/psc.pinMain.o1.mpicc.nas.sp.B.4.1/Hdbg.17.r078.20555.0, 4040.53
/pylon2/cc560up/staheri/workspace/run-03/pinMain/traces/psc.pinMain.o1.mpicc.nas.sp.B.4.1/Hdbg.17.r473.20192.0, 4039.07
/pylon2/cc560up/staheri/workspace/run-03/pinMain/traces/psc.pinMain.o1.mpicc.nas.sp.B.4.1/Hdbg.17.r473.20193.0, 4039.41
/pylon2/cc560up/staheri/workspace/run-03/pinMain/traces/psc.pinMain.o1.mpicc.nas.sp.B.4.1/Hdbg.17.r473.20198.0, 4042.93
/pylon2/cc560up/staheri/workspace/run-03/pinMain/traces/psc.pinMain.o1.mpicc.nas.sp.B.4.1/Hdbg.17.r473.20202.0, 4048.21
/pylon2/cc560up/staheri/workspace/run-03/pinMain/traces/psc.pinMain.o1.mpicc.nas.sp.B.4.1/Hdbg.17.r485.2955.0, 4047.03
/pylon2/cc560up/staheri/workspace/run-03/pinMain/traces/psc.pinMain.o1.mpicc.nas.sp.B.4.1/Hdbg.17.r485.2965.0, 4038.91
/pylon2/cc560up/staheri/workspace/run-03/pinMain/traces/psc.pinMain.o1.mpicc.nas.sp.B.4.2/Hdbg.17.r029.16535.0, 4041.31
/pylon2/cc560up/staheri/workspace/run-03/pinMain/traces/psc.pinMain.o1.mpicc.nas.sp.B.4.2/Hdbg.17.r029.16539.0, 4042.93
/pylon2/cc560up/staheri/workspace/run-03/pinMain/traces/psc.pinMain.o1.mpicc.nas.sp.B.4.2/Hdbg.17.r029.16543.0, 4040.53
/pylon2/cc560up/staheri/workspace/run-03/pinMain/traces/psc.pinMain.o1.mpicc.nas.sp.B.4.2/Hdbg.17.r078.20653.0, 4042.93
/pylon2/cc560up/staheri/workspace/run-03/pinMain/traces/psc.pinMain.o1.mpicc.nas.sp.B.4.2/Hdbg.17.r078.20655.0, 4041.21
/pylon2/cc560up/staheri/workspace/run-03/pinMain/traces/psc.pinMain.o1.mpicc.nas.sp.B.4.2/Hdbg.17.r473.20284.0, 4041.31
/pylon2/cc560up/staheri/workspace/run-03/pinMain/traces/psc.pinMain.o1.mpicc.nas.sp.B.4.2/Hdbg.17.r473.20286.0, 4039.07
/pylon2/cc560up/staheri/workspace/run-03/pinMain/traces/psc.pinMain.o1.mpicc.nas.sp.B.4.2/Hdbg.17.r473.20295.0, 4042.49
/pylon2/cc560up/staheri/workspace/run-03/pinMain/traces/psc.pinMain.o1.mpicc.nas.sp.B.4.2/Hdbg.17.r485.3043.0, 4047.03
/pylon2/cc560up/staheri/workspace/run-03/pinMain/traces/psc.pinMain.o1.mpicc.nas.sp.B.4.2/Hdbg.17.r485.3046.0, 4041.21
/pylon2/cc560up/staheri/workspace/run-03/pinMain/traces/psc.pinMain.o1.mpicc.nas.sp.B.4.2/Hdbg.17.r485.3050.0, 4047.87
/pylon2/cc560up/staheri/workspace/run-03/pinMain/traces/psc.pinMain.o1.mpicc.nas.sp.B.4.2/Hdbg.17.r485.3054.0, 4038.91
/pylon2/cc560up/staheri/workspace/run-03/pinMain/traces/psc.pinMain.o1.mpicc.nas.sp.B.4.3/Hdbg.17.r078.20729.0, 4043.71
/pylon2/cc560up/staheri/workspace/run-03/pinMain/traces/psc.pinMain.o1.mpicc.nas.sp.B.4.3/Hdbg.17.r078.20731.0, 4039.41
/pylon2/cc560up/staheri/workspace/run-03/pinMain/traces/psc.pinMain.o1.mpicc.nas.sp.B.4.3/Hdbg.17.r078.20734.0, 4038.91
/pylon2/cc560up/staheri/workspace/run-03/pinMain/traces/psc.pinMain.o1.mpicc.nas.sp.B.4.3/Hdbg.17.r078.20737.0, 4043.71
/pylon2/cc560up/staheri/workspace/run-03/pinMain/traces/psc.pinMain.o1.mpicc.nas.sp.B.4.3/Hdbg.17.r078.20739.0, 4042.49
/pylon2/cc560up/staheri/workspace/run-03/pinMain/traces/psc.pinMain.o1.mpicc.nas.sp.B.4.3/Hdbg.17.r078.20740.0, 4041.21
/pylon2/cc560up/staheri/workspace/run-03/pinMain/traces/psc.pinMain.o1.mpicc.nas.sp.B.4.3/Hdbg.17.r473.20369.0, 4048.33
/pylon2/cc560up/staheri/workspace/run-03/pinMain/traces/psc.pinMain.o1.mpicc.nas.sp.B.4.3/Hdbg.17.r473.20376.0, 4042.93
/pylon2/cc560up/staheri/workspace/run-03/pinMain/traces/psc.pinMain.o1.mpicc.nas.sp.B.4.3/Hdbg.17.r473.20381.0, 4042.15
/pylon2/cc560up/staheri/workspace/run-03/pinMain/traces/psc.pinMain.o1.mpicc.nas.sp.B.4.3/Hdbg.17.r485.3184.0, 4047.87
/pylon2/cc560up/staheri/workspace/run-03/pinMain/traces/psc.pinMain.o1.mpicc.nas.sp.B.4.3/Hdbg.17.r485.3188.0, 4038.91
/pylon2/cc560up/staheri/workspace/run-03/pinMain/traces/psc.pinMain.o1.mpicc.nas.sp.B.4.3/Hdbg.17.r485.3191.0, 4047.03
